Hardware,Phase,Backend,Training Method,Sharding,Activation Checkpointing,Loader,Run,Metric,Tokens/s,Tokens/s/GPU,Lifecycle active tokens/s,Step time (s),Maximum GPU memory (MiB/GPU),Mean GPU utilization (%),Active tokens/GPU joule,Run status,Total training steps,Warm-up steps,Measured steps,Global batch size,Micro batch size,Pack size (tokens),Tensor parallel size,Expert parallel size,Context parallel size,Pipeline parallel size,NCCL NVLS enable,Task ID,Execution ID,Run ID,Sanitized note,Hardware_clean,Average ratios,Total runtime (s),Relative cost,Cost per million tokens (relative)
A100,Core discovery,AutoModel,SFT,FSDP,On,Default,1,A100 · run 1,14250.964,1781.3705,12195.126,179.46432,63194.0,71.085945,6.981811,Passed,13,3,10,128,1,21504,1,8,1,1,,109152377,154496067,a100-core-discovery-automodel-sft-fsdp-tp1-ep8-ac-on-pf-default,,A100,1.0,2333.0362243652344,0.6480656178792318,45.47521303954655
A100_duplicated_0,Core discovery,AutoModel,SFT,FSDP,On,PF4,2,A100 · run 2,18578.338,2322.2922,14962.315,137.66246,63194.0,90.95289,7.5546365,Passed,13,3,10,128,1,21504,1,8,1,1,,109152378,154496068,a100-core-discovery-automodel-sft-fsdp-tp1-ep8-ac-on-pf4,,A100,1.0,1789.6119842529297,0.49711444007025823,26.757745660396893
A100_duplicated_1,Core discovery,AutoModel,SFT,FSDP,On,Synchronous,3,A100 · run 3,8091.553,1011.44415,7476.4424,316.07523,63254.0,41.108448,5.8170886,Passed,13,3,10,128,1,21504,1,8,1,1,,109152379,154496069,a100-core-discovery-automodel-sft-fsdp-tp1-ep8-ac-on-sync,,A100,1.0,4108.977935791016,1.1413827599419488,141.0585493952003
A100_duplicated_17,Core discovery,AutoModel,LORA,FSDP,On,Default,19,A100 · run 19,14829.289,1853.6611,13472.659,172.46542,36514.0,68.75011,7.374157,Passed,13,3,10,128,1,21504,1,8,1,1,,109152396,154496086,a100-core-discovery-automodel-lora-fsdp-tp1-ep8-ac-on-pf-default,,A100,1.0,2242.050506591797,0.6227918073866102,41.99741503195276
A100_duplicated_18,Core discovery,AutoModel,LORA,FSDP,On,PF4,20,A100 · run 20,19176.494,2397.0618,16538.904,133.36847,36554.0,89.93549,7.9273586,Passed,13,3,10,128,1,21504,1,8,1,1,,109152397,154496087,a100-core-discovery-automodel-lora-fsdp-tp1-ep8-ac-on-pf4,,A100,1.0,1733.7901000976562,0.48160836113823785,25.114515594274383
A100_duplicated_19,Core discovery,AutoModel,LORA,FSDP,On,Synchronous,21,A100 · run 21,8313.178,1039.1472,7953.731,307.64886,36514.0,39.181835,6.128313,Passed,13,3,10,128,1,21504,1,8,1,1,,109152398,154496088,a100-core-discovery-automodel-lora-fsdp-tp1-ep8-ac-on-sync,,A100,1.0,3999.4352416992188,1.1109542338053386,133.63773388502707
A100_duplicated_23,Core discovery,Megatron,LORA,DDP,On,Default,25,A100 · run 25,31754.477,3969.3096,21602.953,80.57083,59950.0,92.90385,11.960662,Passed,13,3,10,128,1,21504,1,8,1,1,,109152402,154496092,a100-core-discovery-megatron-lora-ddp-tp1-ep8-ac-on-pf-default,,A100,1.0,1047.4208068847656,0.2909502241346571,9.162494729270728
A100_duplicated_24,Core discovery,Megatron,LORA,DDP,On,PF4,26,A100 · run 26,31669.055,3958.6318,21421.844,80.78816,59710.0,92.88657,11.966191,Passed,13,3,10,128,1,21504,1,8,1,1,,109152403,154496093,a100-core-discovery-megatron-lora-ddp-tp1-ep8-ac-on-pf4,,A100,1.0,1050.246109008789,0.2917350302802192,9.21199047963276
A100_duplicated_25,Core discovery,Megatron,LORA,DDP,On,Synchronous,27,A100 · run 27,8800.385,1100.0481,7801.199,290.72415,60010.0,38.671314,7.5580626,Passed,13,3,10,128,1,21504,1,8,1,1,,109152404,154496094,a100-core-discovery-megatron-lora-ddp-tp1-ep8-ac-on-sync,,A100,1.0,3779.4139709472656,1.0498372141520182,119.29446747064578
A100_duplicated_29,Core discovery,Megatron,LORA,FSDP,On,Default,31,A100 · run 31,31141.643,3892.7053,21365.465,82.15638,62068.0,91.78176,11.663269,Passed,13,3,10,128,1,21504,1,8,1,1,,109152408,154496098,a100-core-discovery-megatron-lora-fsdp-tp1-ep8-ac-on-pf-default,,A100,1.0,1068.0329360961914,0.2966758155822754,9.52665919397171
A100_duplicated_30,Core discovery,Megatron,LORA,FSDP,On,PF4,32,A100 · run 32,30956.191,3869.524,21199.055,82.64856,61808.0,92.51182,11.851652,Passed,13,3,10,128,1,21504,1,8,1,1,,109152409,154496099,a100-core-discovery-megatron-lora-fsdp-tp1-ep8-ac-on-pf4,,A100,1.0,1074.4312744140625,0.29845313178168403,9.641145057703284
A100_duplicated_31,Core discovery,Megatron,LORA,FSDP,On,Synchronous,33,A100 · run 33,8125.2227,1015.65283,7338.1567,314.88177,62008.0,40.745636,7.1084905,Passed,13,3,10,128,1,21504,1,8,1,1,,109152410,154496100,a100-core-discovery-megatron-lora-fsdp-tp1-ep8-ac-on-sync,,A100,1.0,4093.4630737304688,1.1370730760362413,139.94362051870587
A100_duplicated_35,Topology EP4,Megatron,LORA,DDP,On,Default,1,A100 · run 1,33926.645,4240.8306,21757.486,75.41225,65374.0,90.915825,12.387707,Passed,13,3,10,128,1,21504,1,4,1,1,,109243905,154598052,a100-topology-sensitivity-megatron-lora-ddp-tp1-ep4-ac-on-pf-default,,A100,1.0,980.3592071533203,0.27232200198703344,8.026788553645389
A100_duplicated_36,Topology EP2,Megatron,LORA,DDP,On,Default,1,A100 · run 1,36596.38,4574.5474,23731.064,69.91087,78646.0,90.9115,12.885,Passed,13,3,10,128,1,21504,1,2,1,1,,109246261,154600497,a100-topology-sensitivity-megatron-lora-ddp-tp1-ep2-ac-on-pf-default,,A100,1.0,908.8413543701172,0.252455931769477,6.898385559298111
H100,Core discovery,AutoModel,SFT,FSDP,On,Default,1,H100 · run 1,28823.61,3602.9512,24224.246,88.73072,62734.0,72.65155,8.060621,Passed,13,3,10,128,1,21504,1,8,1,1,,109150456,154493618,h100-core-discovery-automodel-sft-fsdp-tp1-ep8-ac-on-pf-default,,H100,1.75,1153.499366760254,0.5607288588417901,19.453804398561385
H100_duplicated_0,Core discovery,AutoModel,SFT,FSDP,On,PF4,2,H100 · run 2,38182.46,4772.8076,29925.893,66.98205,62774.0,85.574036,8.992525,Passed,13,3,10,128,1,21504,1,8,1,1,,109150457,154493619,h100-core-discovery-automodel-sft-fsdp-tp1-ep8-ac-on-pf4,,H100,1.75,870.7666244506836,0.4232893313301934,11.085962531934914
H100_duplicated_1,Core discovery,AutoModel,SFT,FSDP,On,Synchronous,3,H100 · run 3,12296.9375,1537.1172,11462.829,207.98183,62734.0,33.221428,5.790292,Passed,13,3,10,128,1,21504,1,8,1,1,,109150458,154493620,h100-core-discovery-automodel-sft-fsdp-tp1-ep8-ac-on-sync,,H100,1.75,2703.7637481689453,1.3143295998043485,106.88267707340535
H100_duplicated_17,Core discovery,AutoModel,LORA,FSDP,On,Default,19,H100 · run 19,29722.703,3715.338,26242.207,86.04667,38940.0,69.42713,8.4665985,Passed,13,3,10,128,1,21504,1,8,1,1,,109150474,154493636,h100-core-discovery-automodel-lora-fsdp-tp1-ep8-ac-on-pf-default,,H100,1.75,1118.6066970825195,0.5437671444151136,18.294673338702722
H100_duplicated_18,Core discovery,AutoModel,LORA,FSDP,On,PF4,20,H100 · run 20,39856.65,4982.081,33115.633,64.16846,39040.0,89.6325,9.357978,Passed,13,3,10,128,1,21504,1,8,1,1,,109150475,154493637,h100-core-discovery-automodel-lora-fsdp-tp1-ep8-ac-on-pf4,,H100,1.75,834.18994140625,0.40550899929470485,10.174187122898493
H100_duplicated_19,Core discovery,AutoModel,LORA,FSDP,On,Synchronous,21,H100 · run 21,12485.162,1560.6453,11936.926,204.84633,38940.0,30.933544,6.181708,Passed,13,3,10,128,1,21504,1,8,1,1,,109150477,154493639,h100-core-discovery-automodel-lora-fsdp-tp1-ep8-ac-on-sync,,H100,1.75,2663.0022735595703,1.2945149940914578,103.68427600306588
H100_duplicated_20,Core discovery,AutoModel,LORA,FSDP,Off,Default,22,H100 · run 22,30340.324,3792.5405,24956.012,84.29507,81070.0,69.336395,10.923188,Passed,13,3,10,128,1,21504,1,8,1,1,,109150478,154493640,h100-core-discovery-automodel-lora-fsdp-tp1-ep8-ac-off-pf-default,,H100,1.75,1095.8358688354492,0.53269799179501,17.557425818996627
H100_duplicated_21,Core discovery,AutoModel,LORA,FSDP,Off,PF4,23,H100 · run 23,38328.062,4791.008,29518.07,66.7276,81070.0,88.078316,11.599929,Passed,13,3,10,128,1,21504,1,8,1,1,,109150479,154493641,h100-core-discovery-automodel-lora-fsdp-tp1-ep8-ac-off-pf4,,H100,1.75,867.4588012695312,0.42168136172824433,11.001896110147607
H100_duplicated_22,Core discovery,AutoModel,LORA,FSDP,Off,Synchronous,24,H100 · run 24,12870.307,1608.7883,11831.373,198.7163,81070.0,31.287855,7.3319187,Passed,13,3,10,128,1,21504,1,8,1,1,,109150481,154493643,h100-core-discovery-automodel-lora-fsdp-tp1-ep8-ac-off-sync,,H100,1.75,2583.311813354492,1.2557765759362114,97.57161278289709
H100_duplicated_23,Core discovery,Megatron,LORA,DDP,On,Default,25,H100 · run 25,62534.73,7816.8413,40000.312,40.91302,59672.0,84.891304,15.231981,Passed,13,3,10,128,1,21504,1,8,1,1,,109150482,154493644,h100-core-discovery-megatron-lora-ddp-tp1-ep8-ac-on-pf-default,,H100,1.75,531.8692741394043,0.258547563817766,4.134463551369555
H100_duplicated_24,Core discovery,Megatron,LORA,DDP,On,PF4,26,H100 · run 26,62555.23,7819.404,39896.6,40.89961,59654.0,86.083336,15.166338,Passed,13,3,10,128,1,21504,1,8,1,1,,109150483,154493645,h100-core-discovery-megatron-lora-ddp-tp1-ep8-ac-on-pf4,,H100,1.75,531.6949119567871,0.25846280442343816,4.13175369168459
H100_duplicated_25,Core discovery,Megatron,LORA,DDP,On,Synchronous,27,H100 · run 27,12978.767,1622.3458,11755.722,197.1285,59672.0,32.886784,7.7255983,Passed,13,3,10,128,1,21504,1,8,1,1,,109150484,154493646,h100-core-discovery-megatron-lora-ddp-tp1-ep8-ac-on-sync,,H100,1.75,2562.670425415039,1.2457425679100884,95.9831242947319
H100_duplicated_29,Core discovery,Megatron,LORA,FSDP,On,Default,31,H100 · run 31,61247.87,7655.984,39454.56,41.77263,62194.0,84.07583,14.93363,Passed,13,3,10,128,1,21504,1,8,1,1,,109150489,154493651,h100-core-discovery-megatron-lora-fsdp-tp1-ep8-ac-on-pf-default,,H100,1.75,543.0441741943359,0.2639798069000244,4.310024204693738
H100_duplicated_30,Core discovery,Megatron,LORA,FSDP,On,PF4,32,H100 · run 32,61396.965,7674.6206,39097.805,41.67119,62474.0,84.988266,14.936981,Passed,13,3,10,128,1,21504,1,8,1,1,,109150490,154493653,h100-core-discovery-megatron-lora-fsdp-tp1-ep8-ac-on-pf4,,H100,1.75,541.7254486083984,0.26333875974019366,4.28911690358584
H100_duplicated_31,Core discovery,Megatron,LORA,FSDP,On,Synchronous,33,H100 · run 33,12883.179,1610.3973,11579.411,198.5911,62114.0,32.79969,7.6279535,Passed,13,3,10,128,1,21504,1,8,1,1,,109150493,154493656,h100-core-discovery-megatron-lora-fsdp-tp1-ep8-ac-on-sync,,H100,1.75,2581.6842346191406,1.254985391828749,97.41271311895235
H100_duplicated_35,NVLS1 finalists,AutoModel,SFT,FSDP,On,PF4,1,H100 · run 1,38147.64,4768.455,29896.645,67.04319,62714.0,87.56837,8.955563,Passed,13,3,10,128,1,21504,1,8,1,1,1,109211446,154563894,h100-nvls1-winner-validation-automodel-sft-fsdp-tp1-ep8-ac-on-pf4,,H100,1.75,871.5614700317383,0.4236757145987617,11.106210178595067
H100_duplicated_36,NVLS1 finalists,AutoModel,LORA,FSDP,On,PF4,2,H100 · run 2,39911.75,4988.9688,33150.03,64.079865,38900.0,88.4745,9.368072,Passed,13,3,10,128,1,21504,1,8,1,1,1,109211447,154563896,h100-nvls1-winner-validation-automodel-lora-fsdp-tp1-ep8-ac-on-pf4,,H100,1.75,833.0382385253906,0.4049491437276204,10.146113456002817
H100_duplicated_37,NVLS1 finalists,AutoModel,LORA,FSDP,Off,PF4,3,H100 · run 3,38568.613,4821.0767,29345.164,66.311424,81070.0,88.24504,11.735542,Passed,13,3,10,128,1,21504,1,8,1,1,1,109211448,154563897,h100-nvls1-winner-validation-automodel-lora-fsdp-tp1-ep8-ac-off-pf4,,H100,1.75,862.0485153198242,0.41905136161380346,10.865087592286443
H100_duplicated_38,NVLS1 finalists,Megatron,LORA,DDP,On,Default,4,H100 · run 4,61529.26,7691.1577,39238.754,41.58159,59694.0,83.87264,15.206097,Passed,13,3,10,128,1,21504,1,8,1,1,1,109211449,154563898,h100-nvls1-winner-validation-megatron-lora-ddp-tp1-ep8-ac-on-pf-default,,H100,1.75,540.5606536865234,0.26277253998650446,4.270692230757402
H100_duplicated_39,NVLS1 finalists,Megatron,LORA,DDP,On,PF4,5,H100 · run 5,62813.77,7851.721,39789.695,40.73127,60274.0,85.20557,15.250227,Passed,13,3,10,128,1,21504,1,8,1,1,1,109211450,154563899,h100-nvls1-winner-validation-megatron-lora-ddp-tp1-ep8-ac-on-pf4,,H100,1.75,529.5065078735352,0.25739899688296847,4.097811655052987
H100_duplicated_40,NVLS1 finalists,Megatron,LORA,FSDP,On,Default,6,H100 · run 6,60287.613,7535.9517,38770.12,42.43798,62554.0,83.97007,14.872259,Passed,13,3,10,128,1,21504,1,8,1,1,1,109211451,154563900,h100-nvls1-winner-validation-megatron-lora-fsdp-tp1-ep8-ac-on-pf-default,,H100,1.75,551.6937484741211,0.2681844610638089,4.448417286195947
H100_duplicated_41,NVLS1 finalists,Megatron,LORA,FSDP,On,PF4,7,H100 · run 7,60568.406,7571.051,38957.742,42.24124,62014.0,84.49248,14.900345,Passed,13,3,10,128,1,21504,1,8,1,1,1,109211452,154563901,h100-nvls1-winner-validation-megatron-lora-fsdp-tp1-ep8-ac-on-pf4,,H100,1.75,549.1361389160156,0.2669411786397298,4.407267669185695
H100_duplicated_42,Final repeats,Megatron,LORA,DDP,On,PF4,1,H100 · run 1,63119.516,7889.9395,40083.08,40.53397,59774.0,84.646034,15.2885475,Passed,13,3,10,128,1,21504,1,8,1,1,1,109221221,154573959,h100-nvls1-final-repeat-r1-megatron-lora-ddp-tp1-ep8-ac-on-pf4,,H100,1.75,526.9416084289551,0.25615217076407537,4.058208752518059
H100_duplicated_43,Final repeats,Megatron,LORA,DDP,On,PF4,2,H100 · run 2,62391.836,7798.9795,39789.234,41.00672,59794.0,85.79858,15.187092,Passed,13,3,10,128,1,21504,1,8,1,1,1,109221222,154573960,h100-nvls1-final-repeat-r2-megatron-lora-ddp-tp1-ep8-ac-on-pf4,,H100,1.75,533.0873794555664,0.2591396983464559,4.153423191554178
H100_duplicated_44,Final repeats,Megatron,LORA,DDP,On,PF4,3,H100 · run 3,62570.133,7821.2666,40116.535,40.88987,59672.0,84.92857,15.234578,Passed,13,3,10,128,1,21504,1,8,1,1,1,109221223,154573961,h100-nvls1-final-repeat-r3-megatron-lora-ddp-tp1-ep8-ac-on-pf4,,H100,1.75,531.5683059692383,0.25840125984615747,4.129786021399257
H100_duplicated_45,Topology EP4,Megatron,LORA,DDP,On,PF4,1,H100 · run 1,67656.695,8457.087,42125.04,37.81569,65338.0,82.98003,15.585648,Passed,13,3,10,128,1,21504,1,4,1,1,1,109243904,154598051,h100-topology-sensitivity-megatron-lora-ddp-tp1-ep4-ac-on-pf4,,H100,1.75,491.6039581298828,0.2389741463131375,3.532158128760769
H100_duplicated_46,Topology EP2,Megatron,LORA,DDP,On,PF4,1,H100 · run 1,67473.2,8434.15,42167.31,37.91853,78630.0,80.83816,15.422275,Passed,13,3,10,128,1,21504,1,2,1,1,1,109244973,154599180,h100-topology-sensitivity-megatron-lora-ddp-tp1-ep2-ac-on-pf4,,H100,1.75,492.9408836364746,0.2396240406566196,3.5513956586986857
B200_duplicated_35,NVLS1 finalists,AutoModel,SFT,FSDP,Off,PF4,1,B200 · run 1,66943.85,8367.981,43467.332,38.20425,143872.0,71.352585,15.287378,Passed,13,3,10,128,1,21504,1,8,1,1,1,,,b200-nvls1-winner-validation-automodel-sft-fsdp-tp1-ep8-ac-off-pf4,,B200,3.5,496.6552543640137,0.4828592750761244,7.212899524093235
B200_duplicated_36,NVLS1 finalists,Megatron,SFT,DDP,On,PF4,2,B200 · run 2,77378.97,9672.371,42935.453,33.06434,114173.0,80.16802,15.292691,Passed,13,3,10,128,1,21504,1,8,1,1,1,,,b200-nvls1-winner-validation-megatron-sft-ddp-tp1-ep8-ac-on-pf4,,B200,3.5,429.8364028930664,0.41789650281270346,5.400647095244514
B200_duplicated_37,NVLS1 finalists,Megatron,SFT,FSDP,On,PF4,3,B200 · run 3,75601.0,9450.125,42461.234,33.84194,94675.0,81.30134,14.753937,Passed,13,3,10,128,1,21504,1,8,1,1,1,,,b200-nvls1-winner-validation-megatron-sft-fsdp-tp1-ep8-ac-on-pf4,,B200,3.5,439.9452438354492,0.42772454261779785,5.657657208473404
B200_duplicated_38,NVLS1 finalists,AutoModel,LORA,FSDP,Off,PF4,4,B200 · run 4,67766.88,8470.86,47338.69,37.740257,82888.0,68.61137,16.19005,Passed,13,3,10,128,1,21504,1,8,1,1,1,,,b200-nvls1-winner-validation-automodel-lora-fsdp-tp1-ep8-ac-off-pf4,,B200,3.5,490.6233444213867,0.4769949181874593,7.038761388910673
B200_duplicated_39,NVLS1 finalists,Megatron,LORA,DDP,On,PF4,5,B200 · run 5,75579.12,9447.39,44396.312,33.85174,61259.0,79.50605,15.569841,Passed,13,3,10,128,1,21504,1,8,1,1,1,,,b200-nvls1-winner-validation-megatron-lora-ddp-tp1-ep8-ac-on-pf4,,B200,3.5,440.0726432800293,0.42784840318891737,5.660934119242121
B200_duplicated_40,NVLS1 finalists,Megatron,LORA,DDP,Off,PF4,6,B200 · run 6,65807.625,8225.953,41503.32,38.87824,129363.0,79.14013,17.518963,Passed,13,3,10,128,1,21504,1,8,1,1,1,,,b200-nvls1-winner-validation-megatron-lora-ddp-tp1-ep8-ac-off-pf4,,B200,3.5,505.4171028137207,0.4913777388466729,7.466881517858651
B200_duplicated_41,NVLS1 finalists,Megatron,LORA,FSDP,On,Default,7,B200 · run 7,68794.625,8599.328,41292.46,37.19018,63379.0,78.92674,14.68264,Passed,13,3,10,128,1,21504,1,8,1,1,1,,,b200-nvls1-winner-validation-megatron-lora-fsdp-tp1-ep8-ac-on-pf-default,,B200,3.5,483.47236251831055,0.4700425746705797,6.832547959532881
B200_duplicated_42,NVLS1 finalists,Megatron,LORA,FSDP,Off,PF4,8,B200 · run 8,78863.414,9857.927,44866.234,32.44197,129297.0,77.67869,18.779264,Passed,13,3,10,128,1,21504,1,8,1,1,1,,,b200-nvls1-winner-validation-megatron-lora-fsdp-tp1-ep8-ac-off-pf4,,B200,3.5,421.74562072753906,0.41003046459621856,5.199248212501497
B200_duplicated_43,Final repeats,AutoModel,LORA,FSDP,Off,PF4,1,B200 · run 1,67531.97,8441.496,47406.65,37.87154,82848.0,67.474884,16.22509,Passed,13,3,10,128,1,21504,1,8,1,1,1,,,b200-nvls1-final-repeat-r1-automodel-lora-fsdp-tp1-ep8-ac-off-pf4,,B200,3.5,492.330020904541,0.478654186990526,7.087816272060423
B200_duplicated_44,Final repeats,AutoModel,LORA,FSDP,Off,PF4,2,B200 · run 2,67331.61,8416.451,47276.586,37.98423,82830.0,69.31875,16.079004,Passed,13,3,10,128,1,21504,1,8,1,1,1,,,b200-nvls1-final-repeat-r2-automodel-lora-fsdp-tp1-ep8-ac-off-pf4,,B200,3.5,493.7949905395508,0.48007846302456325,7.130060717111194
B200_duplicated_45,Final repeats,AutoModel,LORA,FSDP,Off,PF4,3,B200 · run 3,67456.06,8432.008,47324.824,37.914154,82868.0,68.39392,16.109499,Passed,13,3,10,128,1,21504,1,8,1,1,1,,,b200-nvls1-final-repeat-r3-automodel-lora-fsdp-tp1-ep8-ac-off-pf4,,B200,3.5,492.8840026855469,0.47919278038872615,7.103776334243141
B200_duplicated_46,Final repeats,Megatron,LORA,FSDP,Off,PF4,4,B200 · run 4,73730.5,9216.3125,43381.504,34.70049,129455.0,76.19375,18.101696,Passed,13,3,10,128,1,21504,1,8,1,1,1,,,b200-nvls1-final-repeat-r1-megatron-lora-fsdp-tp1-ep8-ac-off-pf4,,B200,3.5,451.1063575744629,0.4385756254196167,5.948360928240236
B200_duplicated_47,Final repeats,Megatron,LORA,FSDP,Off,PF4,5,B200 · run 5,76217.85,9527.231,43781.027,33.56805,130075.0,77.302635,18.407667,Passed,13,3,10,128,1,21504,1,8,1,1,1,,,b200-nvls1-final-repeat-r2-megatron-lora-fsdp-tp1-ep8-ac-off-pf4,,B200,3.5,436.3846549987793,0.424262859026591,5.566449989458019
B200_duplicated_48,Final repeats,Megatron,LORA,FSDP,Off,PF4,6,B200 · run 6,73992.09,9249.012,43583.78,34.57781,129395.0,77.3924,17.724894,Passed,13,3,10,128,1,21504,1,8,1,1,1,,,b200-nvls1-final-repeat-r3-megatron-lora-fsdp-tp1-ep8-ac-off-pf4,,B200,3.5,449.5115089416504,0.4370250781377157,5.906375343483448
B200_duplicated_49,Topology EP4,Megatron,LORA,FSDP,Off,PF4,1,B200 · run 1,76341.68,9542.71,44182.95,33.5136,124773.0,76.20016,17.886446,Passed,13,3,10,128,1,21504,1,4,1,1,1,,,b200-topology-ep4-nvls1-throughput-winner-megatron-lora-fsdp-tp1-ep4-ac-off-pf4,,B200,3.5,435.6767921447754,0.42357465902964275,5.54840633273357
